common_name,official_name,region,subregion,population,area_km2,capital,currencies,languages,un_member,independent,landlocked,latitude,longitude
Ivory Coast,Republic of Côte d'Ivoire,Africa,Western Africa,31719275,322463.0,Yamoussoukro,XOF,French,False,False,False,8.0,-5.0
Italy,Italian Republic,Europe,Southern Europe,58927633,301336.0,Rome,EUR,"Italian, Catalan",False,False,False,42.83333333,12.83333333
Kyrgyzstan,Kyrgyz Republic,Asia,Central Asia,7281800,199951.0,Bishkek,KGS,"Kyrgyz, Russian",False,False,True,41.0,75.0
Papua New Guinea,Independent State of Papua New Guinea,Oceania,Melanesia,11781559,462840.0,Port Moresby,PGK,"English, Hiri Motu, Tok Pisin",False,False,False,-6.0,147.0
Fiji,Republic of Fiji,Oceania,Melanesia,900869,18272.0,Suva,FJD,"English, Fijian, Fiji Hindi",False,False,False,-17.7134,178.065
United Arab Emirates,United Arab Emirates,Asia,Western Asia,11294243,83600.0,Abu Dhabi,AED,Arabic,False,False,False,24.0,54.0
Saint Kitts and Nevis,Federation of Saint Christopher and Nevis,Americas,Caribbean,51320,261.0,Basseterre,XCD,English,False,False,False,17.33333333,-62.75
French Guiana,Guiana,Americas,South America,292354,83534.0,Cayenne,EUR,French,False,False,False,4.0,-53.0
Tanzania,United Republic of Tanzania,Africa,Eastern Africa,68153004,947303.0,Dodoma,TZS,"English, Swahili",False,False,False,-6.0,35.0
Angola,Republic of Angola,Africa,Middle Africa,36170961,1246700.0,Luanda,AOA,Portuguese,False,False,False,-12.5,18.5
Togo,Togolese Republic,Africa,Western Africa,8095498,56785.0,Lomé,XOF,French,False,False,False,8.0,1.16666666
Finland,Republic of Finland,Europe,Northern Europe,5650325,338455.0,Helsinki,EUR,"Finnish, Swedish",False,False,False,64.0,26.0
Malawi,Republic of Malawi,Africa,Eastern Africa,20734262,118484.0,Lilongwe,MWK,"English, Chewa",False,False,True,-13.5,34.0
Mali,Republic of Mali,Africa,Western Africa,22395489,1240192.0,Bamako,XOF,French,False,False,True,17.0,-4.0
Uzbekistan,Republic of Uzbekistan,Asia,Central Asia,37859698,447400.0,Tashkent,UZS,"Russian, Uzbek",False,False,True,41.0,64.0
Senegal,Republic of Senegal,Africa,Western Africa,18593258,196722.0,Dakar,XOF,French,False,False,False,14.0,-14.0
Uganda,Republic of Uganda,Africa,Eastern Africa,45905417,241550.0,Kampala,UGX,"English, Swahili",False,False,True,1.0,32.0
Djibouti,Republic of Djibouti,Africa,Eastern Africa,1066809,23200.0,Djibouti,DJF,"Arabic, French",False,False,False,11.5,43.0
South Sudan,Republic of South Sudan,Africa,Middle Africa,15786898,619745.0,Juba,SSP,English,False,False,True,7.0,30.0
Jersey,Bailiwick of Jersey,Europe,Northern Europe,103267,116.0,Saint Helier,"GBP, JEP","English, French, Jèrriais",False,False,False,49.25,-2.16666666
Tuvalu,Tuvalu,Oceania,Polynesia,10643,26.0,Funafuti,"AUD, TVD","English, Tuvaluan",False,False,False,-8.0,178.0
Japan,Japan,Asia,Eastern Asia,123210000,377930.0,Tokyo,JPY,Japanese,False,False,False,36.0,138.0
Oman,Sultanate of Oman,Asia,Western Asia,5343630,309500.0,Muscat,OMR,Arabic,False,False,False,21.0,57.0
Belgium,Kingdom of Belgium,Europe,Western Europe,11825551,30528.0,Brussels,EUR,"German, French, Dutch",False,False,False,50.83333333,4.0
Saint Martin,Saint Martin,Americas,Caribbean,31496,53.0,Marigot,EUR,French,False,False,False,18.0708,-63.0501
Mayotte,Department of Mayotte,Africa,Eastern Africa,320901,374.0,Mamoudzou,EUR,French,False,False,False,-12.83333333,45.16666666
France,French Republic,Europe,Western Europe,66351959,543908.0,Paris,EUR,French,False,False,False,46.0,2.0
Bulgaria,Republic of Bulgaria,Europe,Southeast Europe,6437360,110879.0,Sofia,BGN,Bulgarian,False,False,False,43.0,25.0
Cyprus,Republic of Cyprus,Europe,Southern Europe,1442614,9251.0,Nicosia,EUR,"Greek, Turkish",False,False,False,35.0,33.0
South Korea,Republic of Korea,Asia,Eastern Asia,51159889,100210.0,Seoul,KRW,Korean,False,False,False,37.0,127.5
Mexico,United Mexican States,Americas,North America,130575786,1964375.0,Mexico City,MXN,Spanish,False,False,False,23.0,-102.0
North Macedonia,Republic of North Macedonia,Europe,Southeast Europe,1822612,25713.0,Skopje,MKD,Macedonian,False,False,True,41.83333333,22.0
Guyana,Co-operative Republic of Guyana,Americas,South America,772975,214969.0,Georgetown,GYD,English,False,False,False,5.0,-59.0
Kosovo,Republic of Kosovo,Europe,Southeast Europe,1585566,10908.0,Pristina,EUR,"Albanian, Serbian",False,False,True,42.666667,21.166667
Morocco,Kingdom of Morocco,Africa,Northern Africa,36828330,446550.0,Rabat,MAD,"Arabic, Berber",False,False,False,32.0,-5.0
Gibraltar,Gibraltar,Europe,Southern Europe,38000,6.0,Gibraltar,GIP,English,False,False,False,36.13333333,-5.35
Western Sahara,Sahrawi Arab Democratic Republic,Africa,Northern Africa,600904,266000.0,El Aaiún,"DZD, MAD, MRU","Berber, Hassaniya, Spanish",False,False,False,24.5,-13.0
Andorra,Principality of Andorra,Europe,Southern Europe,88406,468.0,Andorra la Vella,EUR,Catalan,False,False,True,42.5,1.5
Palau,Republic of Palau,Oceania,Micronesia,16733,459.0,Ngerulmud,USD,"English, Palauan",False,False,False,7.5,134.5
Guinea,Republic of Guinea,Africa,Western Africa,14363931,245857.0,Conakry,GNF,French,False,False,False,11.0,-10.0
Turks and Caicos Islands,Turks and Caicos Islands,Americas,Caribbean,50828,948.0,Cockburn Town,USD,English,False,False,False,21.75,-71.58333333
Saudi Arabia,Kingdom of Saudi Arabia,Asia,Western Asia,35300280,2149690.0,Riyadh,SAR,Arabic,False,False,False,25.0,45.0
Botswana,Republic of Botswana,Africa,Southern Africa,2359609,582000.0,Gaborone,BWP,"English, Tswana",False,False,True,-22.0,24.0
Comoros,Union of the Comoros,Africa,Eastern Africa,919901,1862.0,Moroni,KMF,"Arabic, French, Comorian",False,False,False,-12.16666666,44.25
Belize,Belize,Americas,Central America,417634,22966.0,Belmopan,BZD,"Belizean Creole, English, Spanish",False,False,False,17.25,-88.75
Cambodia,Kingdom of Cambodia,Asia,South-Eastern Asia,17577760,181035.0,Phnom Penh,"KHR, USD",Khmer,False,False,False,13.0,105.0
Saint Lucia,Saint Lucia,Americas,Caribbean,184100,616.0,Castries,XCD,English,False,False,False,13.88333333,-60.96666666
Mauritania,Islamic Republic of Mauritania,Africa,Western Africa,4927532,1030700.0,Nouakchott,MRU,Arabic,False,False,False,20.0,-12.0
Jamaica,Jamaica,Americas,Caribbean,2825544,10991.0,Kingston,JMD,"English, Jamaican Patois",False,False,False,18.25,-77.5
Cape Verde,Republic of Cabo Verde,Africa,Western Africa,491233,4033.0,Praia,CVE,Portuguese,False,False,False,16.5388,-23.0418
Marshall Islands,Republic of the Marshall Islands,Oceania,Micronesia,42418,181.0,Majuro,USD,"English, Marshallese",False,False,False,9.0,168.0
Namibia,Republic of Namibia,Africa,Southern Africa,3022401,825615.0,Windhoek,"NAD, ZAR","Afrikaans, German, English, Herero, Khoekhoe, Kwangali, Lozi, Ndonga, Tswana",False,False,False,-22.0,17.0
Iran,Islamic Republic of Iran,Asia,Southern Asia,85961000,1648195.0,Tehran,IRR,Persian (Farsi),False,False,False,32.0,53.0
Wallis and Futuna,Territory of the Wallis and Futuna Islands,Oceania,Polynesia,11620,142.0,Mata-Utu,XPF,French,False,False,False,-13.3,-176.2
Azerbaijan,Republic of Azerbaijan,Asia,Western Asia,10241722,86600.0,Baku,AZN,Azerbaijani,False,False,True,40.5,47.5
Niger,Republic of Niger,Africa,Western Africa,26312034,1267000.0,Niamey,XOF,French,False,False,True,16.0,8.0
Heard Island and McDonald Islands,Heard Island and McDonald Islands,Antarctic,,0,412.0,,,English,False,False,False,-53.0818,73.5042
Laos,Lao People's Democratic Republic,Asia,South-Eastern Asia,7647000,236800.0,Vientiane,LAK,Lao,False,False,True,18.0,105.0
Burkina Faso,Burkina Faso,Africa,Western Africa,24070553,272967.0,Ouagadougou,XOF,French,False,False,True,13.0,-2.0
Cocos (Keeling) Islands,Territory of the Cocos (Keeling) Islands,Oceania,Australia and New Zealand,593,14.0,West Island,AUD,English,False,False,False,-12.1642,96.871
Luxembourg,Grand Duchy of Luxembourg,Europe,Western Europe,681973,2586.0,Luxembourg,EUR,"German, French, Luxembourgish",False,False,True,49.75,6.16666666
Indonesia,Republic of Indonesia,Asia,South-Eastern Asia,284438782,1904569.0,Jakarta,IDR,Indonesian,False,False,False,-5.0,120.0
Lebanon,Lebanese Republic,Asia,Western Asia,5490000,10452.0,Beirut,LBP,"Arabic, French",False,False,False,33.83333333,35.83333333
Turkey,Republic of Turkey,Asia,Western Asia,85664944,783562.0,Ankara,TRY,Turkish,False,False,False,39.0,35.0
Timor-Leste,Democratic Republic of Timor-Leste,Asia,South-Eastern Asia,1391221,14874.0,Dili,USD,"Portuguese, Tetum",False,False,False,-8.83333333,125.91666666
Zimbabwe,Republic of Zimbabwe,Africa,Southern Africa,17073087,390757.0,Harare,ZWL,"Chibarwe, English, Kalanga, Khoisan, Ndau, Northern Ndebele, Chewa, Shona, Sotho, Tonga, Tswana, Tsonga, Venda, Xhosa, Zimbabwean Sign Language",False,False,True,-20.0,30.0
South Africa,Republic of South Africa,Africa,Southern Africa,63100945,1221037.0,"Pretoria, Bloemfontein, Cape Town",ZAR,"Afrikaans, English, Southern Ndebele, Northern Sotho, Southern Sotho, Swazi, Tswana, Tsonga, Venda, Xhosa, Zulu",False,False,False,-29.0,24.0
Armenia,Republic of Armenia,Asia,Western Asia,3076200,29743.0,Yerevan,AMD,Armenian,False,False,True,40.0,45.0
Ireland,Republic of Ireland,Europe,Northern Europe,5458600,70273.0,Dublin,EUR,"English, Irish",False,False,False,53.0,-8.0
Norway,Kingdom of Norway,Europe,Northern Europe,5606944,386224.0,Oslo,NOK,"Norwegian Nynorsk, Norwegian Bokmål, Sami",False,False,False,62.0,10.0
Kenya,Republic of Kenya,Africa,Eastern Africa,53330978,580367.0,Nairobi,KES,"English, Swahili",False,False,False,1.0,38.0
North Korea,Democratic People's Republic of Korea,Asia,Eastern Asia,25950000,120538.0,Pyongyang,KPW,Korean,False,False,False,40.0,127.0
Afghanistan,Islamic Republic of Afghanistan,Asia,Southern Asia,43844000,652230.0,Kabul,AFN,"Dari, Pashto, Turkmen",False,False,True,33.0,65.0
Bermuda,Bermuda,Americas,North America,64055,54.0,Hamilton,BMD,English,False,False,False,32.33333333,-64.75
Spain,Kingdom of Spain,Europe,Southern Europe,49315949,505992.0,Madrid,EUR,"Spanish, Catalan, Basque, Galician",False,False,False,40.0,-4.0
Netherlands,Kingdom of the Netherlands,Europe,Western Europe,18100436,41865.0,Amsterdam,EUR,Dutch,False,False,False,52.5,5.75
Nicaragua,Republic of Nicaragua,Americas,Central America,6803886,130373.0,Managua,NIO,Spanish,False,False,False,13.0,-85.0
Lesotho,Kingdom of Lesotho,Africa,Southern Africa,2116427,30355.0,Maseru,"LSL, ZAR","English, Sotho",False,False,True,-29.5,28.5
Egypt,Arab Republic of Egypt,Africa,Northern Africa,107271260,1002450.0,Cairo,EGP,Arabic,False,False,False,27.0,30.0
Gambia,Republic of the Gambia,Africa,Western Africa,2422712,10689.0,Banjul,GMD,English,False,False,False,13.46666666,-16.56666666
Brazil,Federative Republic of Brazil,Americas,South America,213421037,8515767.0,Brasília,BRL,Portuguese,False,False,False,-10.0,-55.0
Australia,Commonwealth of Australia,Oceania,Australia and New Zealand,27536874,7692024.0,Canberra,AUD,English,False,False,False,-27.0,133.0
Bouvet Island,Bouvet Island,Antarctic,,0,49.0,,,Norwegian,False,False,False,-54.4208,3.3464
Pitcairn Islands,Pitcairn Group of Islands,Oceania,Polynesia,35,47.0,Adamstown,NZD,English,False,False,False,-25.06666666,-130.1
Barbados,Barbados,Americas,Caribbean,267800,430.0,Bridgetown,BBD,English,False,False,False,13.16666666,-59.53333333
Madagascar,Republic of Madagascar,Africa,Eastern Africa,31727042,587041.0,Antananarivo,MGA,"French, Malagasy",False,False,False,-20.0,47.0
United Kingdom,United Kingdom of Great Britain and Northern Ireland,Europe,Northern Europe,69281437,244376.0,London,GBP,English,False,False,False,54.0,-2.0
Portugal,Portuguese Republic,Europe,Southern Europe,10749635,92090.0,Lisbon,EUR,Portuguese,False,False,False,39.5,-8.0
Greenland,Greenland,Americas,North America,56542,2166086.0,Nuuk,DKK,Greenlandic,False,False,False,72.0,-40.0
American Samoa,American Samoa,Oceania,Polynesia,49710,199.0,Pago Pago,USD,"English, Samoan",False,False,False,-14.33333333,-170.0
South Georgia,South Georgia and the South Sandwich Islands,Antarctic,,0,3903.0,King Edward Point,GBP,English,False,False,False,-54.5,-37.0
Turkmenistan,Turkmenistan,Asia,Central Asia,7057841,488100.0,Ashgabat,TMT,"Russian, Turkmen",False,False,True,40.0,60.0
Guadeloupe,Guadeloupe,Americas,Caribbean,378561,1628.0,Basse-Terre,EUR,French,False,False,False,16.25,-61.583333
Dominica,Commonwealth of Dominica,Americas,Caribbean,67408,751.0,Roseau,XCD,English,False,False,False,15.41666666,-61.33333333
Solomon Islands,Solomon Islands,Oceania,Melanesia,750325,28896.0,Honiara,SBD,English,False,False,False,-8.0,159.0
Saint Pierre and Miquelon,Saint Pierre and Miquelon,Americas,North America,5819,242.0,Saint-Pierre,EUR,French,False,False,False,46.83333333,-56.33333333
Rwanda,Republic of Rwanda,Africa,Eastern Africa,14104969,26338.0,Kigali,RWF,"English, French, Kinyarwanda",False,False,True,-2.0,30.0
Norfolk Island,Territory of Norfolk Island,Oceania,Australia and New Zealand,2188,36.0,Kingston,AUD,"English, Norfuk",False,False,False,-29.03333333,167.95
Panama,Republic of Panama,Americas,Central America,4064780,75417.0,Panama City,"PAB, USD",Spanish,False,False,False,9.0,-80.0
Bahamas,Commonwealth of the Bahamas,Americas,Caribbean,398165,13943.0,Nassau,"BSD, USD",English,False,False,False,25.0343,-77.3963
Tokelau,Tokelau,Oceania,Polynesia,2608,12.0,Fakaofo,NZD,"English, Samoan, Tokelauan",False,False,False,-9.0,-172.0
Montenegro,Montenegro,Europe,Southeast Europe,623327,13812.0,Podgorica,EUR,Montenegrin,False,False,False,42.5,19.3
Åland Islands,Åland Islands,Europe,Northern Europe,30654,1580.0,Mariehamn,EUR,Swedish,False,False,False,60.116667,19.9
Niue,Niue,Oceania,Polynesia,1681,260.0,Alofi,NZD,"English, Niuean",False,False,False,-19.03333333,-169.86666666
Argentina,Argentine Republic,Americas,South America,46735004,2780400.0,Buenos Aires,ARS,"Guaraní, Spanish",False,False,False,-34.0,-64.0
Cuba,Republic of Cuba,Americas,Caribbean,9748007,109884.0,Havana,"CUC, CUP",Spanish,False,False,False,21.5,-80.0
Cayman Islands,Cayman Islands,Americas,Caribbean,84738,264.0,George Town,KYD,English,False,False,False,19.3133,-81.2546
Kazakhstan,Republic of Kazakhstan,Asia,Central Asia,20426568,2724900.0,Astana,KZT,"Kazakh, Russian",False,False,True,48.0196,66.9237
Russia,Russian Federation,Europe,Eastern Europe,146028325,17098246.0,Moscow,RUB,Russian,False,False,False,60.0,100.0
India,Republic of India,Asia,Southern Asia,1417492000,3287263.0,New Delhi,INR,"English, Hindi, Tamil",False,False,False,20.0,77.0
British Virgin Islands,Virgin Islands,Americas,Caribbean,39471,151.0,Road Town,USD,English,False,False,False,18.431383,-64.62305
Guam,Guam,Oceania,Micronesia,153836,549.0,Hagåtña,USD,"Chamorro, English, Spanish",False,False,False,13.46666666,144.78333333
Myanmar,Republic of the Union of Myanmar,Asia,South-Eastern Asia,51316756,676578.0,Naypyidaw,MMK,Burmese,False,False,False,22.0,98.0
DR Congo,Democratic Republic of the Congo,Africa,Middle Africa,112832000,2344858.0,Kinshasa,CDF,"French, Kikongo, Lingala, Tshiluba, Swahili",False,False,False,0.0,25.0
Mauritius,Republic of Mauritius,Africa,Eastern Africa,1243741,2040.0,Port Louis,MUR,"English, French, Mauritian Creole",False,False,False,-20.28333333,57.55
Falkland Islands,Falkland Islands,Americas,South America,3662,12173.0,Stanley,FKP,English,False,False,False,-51.75,-59.0
Northern Mariana Islands,Commonwealth of the Northern Mariana Islands,Oceania,Micronesia,47329,464.0,Saipan,USD,"Carolinian, Chamorro, English",False,False,False,15.2,145.75
Ukraine,Ukraine,Europe,Eastern Europe,32862000,603550.0,Kyiv,UAH,Ukrainian,False,False,False,49.0,32.0
Monaco,Principality of Monaco,Europe,Western Europe,38423,2.02,Monaco,EUR,French,False,False,False,43.73333333,7.4
Tajikistan,Republic of Tajikistan,Asia,Central Asia,10499000,143100.0,Dushanbe,TJS,"Russian, Tajik",False,False,True,39.0,71.0
Malaysia,Malaysia,Asia,South-Eastern Asia,34231700,330803.0,Kuala Lumpur,MYR,"English, Malay",False,False,False,2.5,112.5
Somalia,Federal Republic of Somalia,Africa,Eastern Africa,19655000,637657.0,Mogadishu,SOS,"Arabic, Somali",False,False,False,10.0,49.0
Antigua and Barbuda,Antigua and Barbuda,Americas,Caribbean,103603,442.0,Saint John's,XCD,English,False,False,False,17.05,-61.8
Central African Republic,Central African Republic,Africa,Middle Africa,6470307,622984.0,Bangui,XAF,"French, Sango",False,False,True,7.0,21.0
Macau,Macao Special Administrative Region of the People's Republic of China,Asia,Eastern Asia,685900,30.0,,MOP,"Portuguese, Chinese",False,False,False,22.16666666,113.55
Israel,State of Israel,Asia,Western Asia,10134800,21937.0,Jerusalem,ILS,"Arabic, Hebrew",False,False,False,31.47,35.13
Nigeria,Federal Republic of Nigeria,Africa,Western Africa,223800000,923768.0,Abuja,NGN,English,False,False,False,10.0,8.0
Honduras,Republic of Honduras,Americas,Central America,9892632,112492.0,Tegucigalpa,HNL,Spanish,False,False,False,15.0,-86.5
Sierra Leone,Republic of Sierra Leone,Africa,Western Africa,9077691,71740.0,Freetown,SLE,English,False,False,False,8.5,-11.5
Tunisia,Tunisian Republic,Africa,Northern Africa,11972169,163610.0,Tunis,TND,Arabic,False,False,False,34.0,9.0
Lithuania,Republic of Lithuania,Europe,Northern Europe,2894886,65300.0,Vilnius,EUR,Lithuanian,False,False,False,56.0,24.0
Iraq,Republic of Iraq,Asia,Western Asia,46118793,438317.0,Baghdad,IQD,"Arabic, Aramaic, Sorani",False,False,False,33.0,44.0
Switzerland,Swiss Confederation,Europe,Western Europe,9082848,41284.0,Bern,CHF,"French, Swiss German, Italian, Romansh",False,False,True,47.0,8.0
Chile,Republic of Chile,Americas,South America,20206953,756102.0,Santiago,CLP,Spanish,False,False,False,-30.0,-71.0
Taiwan,Republic of China (Taiwan),Asia,Eastern Asia,23317031,36197.0,Taipei,TWD,Chinese,False,False,False,23.5,121.0
Vietnam,Socialist Republic of Vietnam,Asia,South-Eastern Asia,101343800,331212.0,Hanoi,VND,Vietnamese,False,False,False,16.16666666,107.83333333
Bangladesh,People's Republic of Bangladesh,Asia,Southern Asia,169828911,147570.0,Dhaka,BDT,Bengali,False,False,False,24.0,90.0
Vanuatu,Republic of Vanuatu,Oceania,Melanesia,321409,12189.0,Port Vila,VUV,"Bislama, English, French",False,False,False,-16.0,167.0
Pakistan,Islamic Republic of Pakistan,Asia,Southern Asia,241499431,796095.0,Islamabad,PKR,"English, Urdu",False,False,False,30.0,70.0
Latvia,Republic of Latvia,Europe,Northern Europe,1829000,64559.0,Riga,EUR,Latvian,False,False,False,57.0,25.0
Malta,Republic of Malta,Europe,Southern Europe,574250,316.0,Valletta,EUR,"English, Maltese",False,False,False,35.9375,14.3754
Seychelles,Republic of Seychelles,Africa,Eastern Africa,122729,452.0,Victoria,SCR,"Seychellois Creole, English, French",False,False,False,-4.58333333,55.66666666
Montserrat,Montserrat,Americas,Caribbean,4386,102.0,Plymouth,XCD,English,False,False,False,16.75,-62.2
Anguilla,Anguilla,Americas,Caribbean,16010,91.0,The Valley,XCD,English,False,False,False,18.25,-63.16666666
Greece,Hellenic Republic,Europe,Southern Europe,10400720,131990.0,Athens,EUR,Greek,False,False,False,39.0,22.0
Czechia,Czech Republic,Europe,Central Europe,10882341,78865.0,Prague,CZK,"Czech, Slovak",False,False,True,49.75,15.5
Zambia,Republic of Zambia,Africa,Eastern Africa,19693423,752612.0,Lusaka,ZMW,English,False,False,True,-15.0,30.0
Hong Kong,Hong Kong Special Administrative Region of the People's Republic of China,Asia,Eastern Asia,7527500,1104.0,City of Victoria,HKD,"English, Chinese",False,False,False,22.267,114.188
United States,United States of America,Americas,North America,340110988,9525067.0,"Washington, D.C.",USD,English,False,False,False,38.0,-97.0
Eswatini,Kingdom of Eswatini,Africa,Southern Africa,1235549,17364.0,Mbabane,"SZL, ZAR","English, Swazi",False,False,True,-26.5,31.5
Slovenia,Republic of Slovenia,Europe,Central Europe,2130638,20273.0,Ljubljana,EUR,Slovene,False,False,False,46.11666666,14.81666666
Caribbean Netherlands,"Bonaire, Sint Eustatius and Saba",Americas,Caribbean,31980,328.0,Kralendijk,USD,"English, Dutch, Papiamento",False,False,False,12.18,-68.25
Maldives,Republic of the Maldives,Asia,Southern Asia,515132,300.0,Malé,MVR,Maldivian,False,False,False,3.25,73.0
Ghana,Republic of Ghana,Africa,Western Africa,33742380,238533.0,Accra,GHS,English,False,False,False,8.0,-2.0
Paraguay,Republic of Paraguay,Americas,South America,6109644,406752.0,Asunción,PYG,"Guaraní, Spanish",False,False,True,-23.0,-58.0
Mozambique,Republic of Mozambique,Africa,Eastern Africa,34090466,801590.0,Maputo,MZN,Portuguese,False,False,False,-18.25,35.0
Palestine,State of Palestine,Asia,Western Asia,5483450,6220.0,"Ramallah, Jerusalem","EGP, ILS, JOD",Arabic,False,False,False,31.9,35.2
Moldova,Republic of Moldova,Europe,Eastern Europe,2749076,33847.0,Chișinău,MDL,Romanian,False,False,True,47.0,29.0
Liberia,Republic of Liberia,Africa,Western Africa,5248621,111369.0,Monrovia,LRD,English,False,False,False,6.5,-9.5
Liechtenstein,Principality of Liechtenstein,Europe,Western Europe,40900,160.0,Vaduz,CHF,German,False,False,True,47.26666666,9.53333333
Peru,Republic of Peru,Americas,South America,34350244,1285216.0,Lima,PEN,"Aymara, Quechua, Spanish",False,False,False,-10.0,-76.0
Qatar,State of Qatar,Asia,Western Asia,3173024,11586.0,Doha,QAR,Arabic,False,False,False,25.5,51.25
Christmas Island,Territory of Christmas Island,Oceania,Australia and New Zealand,1692,135.0,Flying Fish Cove,AUD,English,False,False,False,-10.5,105.66666666
Georgia,Georgia,Asia,Western Asia,4000921,69700.0,Tbilisi,GEL,Georgian,False,False,False,42.0,43.5
Ecuador,Republic of Ecuador,Americas,South America,18103660,276841.0,Quito,USD,Spanish,False,False,False,-2.0,-77.5
Philippines,Republic of the Philippines,Asia,South-Eastern Asia,114123600,342353.0,Manila,PHP,"English, Filipino",False,False,False,13.0,122.0
Ethiopia,Federal Democratic Republic of Ethiopia,Africa,Eastern Africa,111652998,1104300.0,Addis Ababa,ETB,Amharic,False,False,True,8.0,38.0
United States Virgin Islands,Virgin Islands of the United States,Americas,Caribbean,87146,347.0,Charlotte Amalie,USD,English,False,False,False,18.35,-64.933333
Syria,Syrian Arab Republic,Asia,Western Asia,25620000,185180.0,Damascus,SYP,Arabic,False,False,False,35.0,38.0
Romania,Romania,Europe,Southeast Europe,19036031,238391.0,Bucharest,RON,Romanian,False,False,False,46.0,25.0
Guatemala,Republic of Guatemala,Americas,Central America,18079810,108889.0,Guatemala City,GTQ,Spanish,False,False,False,15.5,-90.25
Nepal,Federal Democratic Republic of Nepal,Asia,Southern Asia,29911840,147181.0,Kathmandu,NPR,Nepali,False,False,True,28.0,84.0
Réunion,Réunion Island,Africa,Eastern Africa,896175,2511.0,Saint-Denis,EUR,French,False,False,False,-21.15,55.5
Benin,Republic of Benin,Africa,Western Africa,13224860,112622.0,Porto-Novo,XOF,French,False,False,False,9.5,2.25
Kuwait,State of Kuwait,Asia,Western Asia,4881254,17818.0,Kuwait City,KWD,Arabic,False,False,False,29.5,45.75
Suriname,Republic of Suriname,Americas,South America,616500,163820.0,Paramaribo,SRD,Dutch,False,False,False,4.0,-56.0
New Caledonia,New Caledonia,Oceania,Melanesia,264596,18575.0,Nouméa,XPF,French,False,False,False,-21.5,165.5
Sudan,Republic of the Sudan,Africa,Northern Africa,51662000,1886068.0,Khartoum,SDG,"Arabic, English",False,False,False,15.0,30.0
United States Minor Outlying Islands,United States Minor Outlying Islands,Americas,North America,0,34.2,Washington DC,USD,English,False,False,False,19.3,166.633333
Chad,Republic of Chad,Africa,Middle Africa,19340757,1284000.0,N'Djamena,XAF,"Arabic, French",False,False,True,15.0,19.0
Uruguay,Oriental Republic of Uruguay,Americas,South America,3499451,181034.0,Montevideo,UYU,Spanish,False,False,False,-33.0,-56.0
Bosnia and Herzegovina,Bosnia and Herzegovina,Europe,Southeast Europe,3422000,51209.0,Sarajevo,BAM,"Bosnian, Croatian, Serbian",False,False,False,44.0,18.0
Trinidad and Tobago,Republic of Trinidad and Tobago,Americas,Caribbean,1367764,5130.0,Port of Spain,TTD,English,False,False,False,10.6918,-61.2225
Sweden,Kingdom of Sweden,Europe,Northern Europe,10605098,450295.0,Stockholm,SEK,Swedish,False,False,False,62.0,15.0
Iceland,Iceland,Europe,Northern Europe,391810,103000.0,Reykjavik,ISK,Icelandic,False,False,False,65.0,-18.0
Haiti,Republic of Haiti,Americas,Caribbean,11867032,27750.0,Port-au-Prince,HTG,"French, Haitian Creole",False,False,False,19.0,-72.41666666
Brunei,"Nation of Brunei, Abode of Peace",Asia,South-Eastern Asia,455500,5765.0,Bandar Seri Begawan,"BND, SGD",Malay,False,False,False,4.5,114.66666666
French Southern and Antarctic Lands,Territory of the French Southern and Antarctic Lands,Antarctic,,400,7747.0,Port-aux-Français,EUR,French,False,False,False,-49.25,69.167
Guernsey,Bailiwick of Guernsey,Europe,Northern Europe,64781,78.0,St. Peter Port,"GBP, GGP","English, French, Guernésiais",False,False,False,49.46666666,-2.58333333
Croatia,Republic of Croatia,Europe,Southeast Europe,3866233,56594.0,Zagreb,EUR,Croatian,False,False,False,45.16666666,15.5
Saint Barthélemy,Collectivity of Saint Barthélemy,Americas,Caribbean,10562,21.0,Gustavia,EUR,French,False,False,False,18.5,-63.41666666
Mongolia,Mongolia,Asia,Eastern Asia,3544835,1564110.0,Ulan Bator,MNT,Mongolian,False,False,True,46.0,105.0
Aruba,Aruba,Americas,Caribbean,107566,180.0,Oranjestad,AWG,"Dutch, Papiamento",False,False,False,12.5,-69.96666666
Republic of the Congo,Republic of the Congo,Africa,Middle Africa,6142180,342000.0,Brazzaville,XAF,"French, Kikongo, Lingala",False,False,False,-1.0,15.0
São Tomé and Príncipe,Democratic Republic of São Tomé and Príncipe,Africa,Middle Africa,209607,964.0,São Tomé,STN,Portuguese,False,False,False,1.0,7.0
Yemen,Republic of Yemen,Asia,Western Asia,32684503,527968.0,Sana'a,YER,Arabic,False,False,False,15.0,48.0
Equatorial Guinea,Republic of Equatorial Guinea,Africa,Middle Africa,1668768,28051.0,Ciudad de la Paz,XAF,"French, Portuguese, Spanish",False,False,False,2.0,10.0
Svalbard and Jan Mayen,Svalbard og Jan Mayen,Europe,Northern Europe,2530,61399.0,Longyearbyen,NOK,Norwegian,False,False,False,78.0,20.0
Colombia,Republic of Colombia,Americas,South America,53057212,1141748.0,Bogotá,COP,Spanish,False,False,False,4.0,-72.0
Guinea-Bissau,Republic of Guinea-Bissau,Africa,Western Africa,1781308,36125.0,Bissau,XOF,"Portuguese, Upper Guinea Creole",False,False,False,12.0,-15.0
Kiribati,Independent and Sovereign Republic of Kiribati,Oceania,Micronesia,120740,811.0,South Tarawa,"AUD, KID","English, Gilbertese",False,False,False,1.41666666,173.0
Germany,Federal Republic of Germany,Europe,Western Europe,83491249,357114.0,Berlin,EUR,German,False,False,False,51.0,9.0
Thailand,Kingdom of Thailand,Asia,South-Eastern Asia,65859640,513120.0,Bangkok,THB,Thai,False,False,False,15.0,100.0
Isle of Man,Isle of Man,Europe,Northern Europe,84530,572.0,Douglas,"GBP, IMP","English, Manx",False,False,False,54.25,-4.5
Bhutan,Kingdom of Bhutan,Asia,Southern Asia,784043,38394.0,Thimphu,"BTN, INR",Dzongkha,False,False,True,27.5,90.5
Gabon,Gabonese Republic,Africa,Middle Africa,2469296,267668.0,Libreville,XAF,French,False,False,False,-1.0,11.75
Sint Maarten,Sint Maarten,Americas,Caribbean,41349,34.0,Philipsburg,ANG,"English, French, Dutch",False,False,False,18.033333,-63.05
Sri Lanka,Democratic Socialist Republic of Sri Lanka,Asia,Southern Asia,21763170,65610.0,Sri Jayawardenepura Kotte,LKR,"Sinhala, Tamil",False,False,False,7.0,81.0
Albania,Republic of Albania,Europe,Southeast Europe,2363314,28748.0,Tirana,ALL,Albanian,False,False,False,41.0,20.0
New Zealand,New Zealand,Oceania,Australia and New Zealand,5324700,268838.0,Wellington,NZD,"English, Māori, New Zealand Sign Language",False,False,False,-41.0,174.0
Algeria,People's Democratic Republic of Algeria,Africa,Northern Africa,47400000,2381741.0,Algiers,DZD,Arabic,False,False,False,28.0,3.0
San Marino,Republic of San Marino,Europe,Southern Europe,34132,61.0,City of San Marino,EUR,Italian,False,False,True,43.76666666,12.41666666
Micronesia,Federated States of Micronesia,Oceania,Micronesia,105564,702.0,Palikir,USD,English,False,False,False,6.91666666,158.25
"Saint Helena, Ascension and Tristan da Cunha","Saint Helena, Ascension and Tristan da Cunha",Africa,Western Africa,5651,394.0,Jamestown,"GBP, SHP",English,False,False,False,-15.95,-5.72
Curaçao,Country of Curaçao,Americas,Caribbean,156115,444.0,Willemstad,ANG,"English, Dutch, Papiamento",False,False,False,12.116667,-68.933333
El Salvador,Republic of El Salvador,Americas,Central America,6029976,21041.0,San Salvador,USD,Spanish,False,False,False,13.83333333,-88.91666666
Martinique,Martinique,Americas,Caribbean,349925,1128.0,Fort-de-France,EUR,French,False,False,False,14.666667,-61.0
Nauru,Republic of Nauru,Oceania,Micronesia,11680,21.0,Yaren,AUD,"English, Nauru",False,False,False,-0.53333333,166.91666666
Vatican City,Vatican City State,Europe,Southern Europe,882,0.49,Vatican City,EUR,"Italian, Latin",False,False,True,41.9,12.45
Grenada,Grenada,Americas,Caribbean,109021,344.0,St. George's,XCD,English,False,False,False,12.11666666,-61.66666666
Tonga,Kingdom of Tonga,Oceania,Polynesia,100179,747.0,Nuku'alofa,TOP,"English, Tongan",False,False,False,-20.0,-175.0
Burundi,Republic of Burundi,Africa,Eastern Africa,12332788,27834.0,Gitega,BIF,"French, Kirundi",False,False,True,-3.5,30.0
Samoa,Independent State of Samoa,Oceania,Polynesia,205557,2842.0,Apia,WST,"English, Samoan",False,False,False,-13.58333333,-172.33333333
Denmark,Kingdom of Denmark,Europe,Northern Europe,6011488,43094.0,Copenhagen,DKK,Danish,False,False,False,56.0,10.0
Venezuela,Bolivarian Republic of Venezuela,Americas,South America,28517000,916445.0,Caracas,VES,Spanish,False,False,False,8.0,-66.0
Austria,Republic of Austria,Europe,Central Europe,9200931,83871.0,Vienna,EUR,German,False,False,True,47.33333333,13.33333333
Slovakia,Slovak Republic,Europe,Central Europe,5413813,49037.0,Bratislava,EUR,Slovak,False,False,True,48.66666666,19.5
China,People's Republic of China,Asia,Eastern Asia,1408280000,9706961.0,Beijing,CNY,Chinese,False,False,False,35.0,105.0
British Indian Ocean Territory,British Indian Ocean Territory,Africa,Eastern Africa,0,60.0,Diego Garcia,USD,English,False,False,False,-6.0,71.5
French Polynesia,French Polynesia,Oceania,Polynesia,279500,4167.0,Papeetē,XPF,French,False,False,False,-17.6797,-149.4068
Bolivia,Plurinational State of Bolivia,Americas,South America,11365333,1098581.0,Sucre,BOB,"Aymara, Guaraní, Quechua, Spanish",False,False,True,-17.0,-65.0
Antarctica,Antarctica,Antarctic,,1300,14000000.0,,,,False,False,False,-90.0,0.0
Libya,State of Libya,Africa,Northern Africa,7459000,1759540.0,Tripoli,LYD,Arabic,False,False,False,25.0,17.0
Estonia,Republic of Estonia,Europe,Northern Europe,1369995,45227.0,Tallinn,EUR,Estonian,False,False,False,59.0,26.0
Cook Islands,Cook Islands,Oceania,Polynesia,15040,236.0,Avarua,"CKD, NZD","English, Cook Islands Māori",False,False,False,-21.23333333,-159.76666666
Puerto Rico,Commonwealth of Puerto Rico,Americas,Caribbean,3203295,8870.0,San Juan,USD,"English, Spanish",False,False,False,18.25,-66.5
Belarus,Republic of Belarus,Europe,Eastern Europe,9109280,207600.0,Minsk,BYN,"Belarusian, Russian",False,False,True,53.0,28.0
Faroe Islands,Faroe Islands,Europe,Northern Europe,54885,1393.0,Tórshavn,"DKK, FOK","Danish, Faroese",False,False,False,62.0,-7.0
Saint Vincent and the Grenadines,Saint Vincent and the Grenadines,Americas,Caribbean,110872,389.0,Kingstown,XCD,English,False,False,False,13.25,-61.2
Dominican Republic,Dominican Republic,Americas,Caribbean,10771504,48671.0,Santo Domingo,DOP,Spanish,False,False,False,19.0,-70.66666666
Hungary,Hungary,Europe,Central Europe,9539502,93028.0,Budapest,HUF,Hungarian,False,False,True,47.0,20.0
Bahrain,Kingdom of Bahrain,Asia,Western Asia,1594654,765.0,Manama,BHD,Arabic,False,False,False,26.0,50.55
Cameroon,Republic of Cameroon,Africa,Middle Africa,29442327,475442.0,Yaoundé,XAF,"English, French",False,False,False,6.0,12.0
Canada,Canada,Americas,North America,41651653,9984670.0,Ottawa,CAD,"English, French",False,False,False,60.0,-95.0
Eritrea,State of Eritrea,Africa,Eastern Africa,3607000,117600.0,Asmara,ERN,"Arabic, English, Tigrinya",False,False,False,15.0,39.0
Singapore,Republic of Singapore,Asia,South-Eastern Asia,6110200,710.0,Singapore,SGD,"English, Chinese, Malay, Tamil",False,False,False,1.36666666,103.8
Costa Rica,Republic of Costa Rica,Americas,Central America,5309625,51100.0,San José,CRC,Spanish,False,False,False,10.0,-84.0
Serbia,Republic of Serbia,Europe,Southeast Europe,6567783,77589.0,Belgrade,RSD,Serbian,False,False,True,44.0,21.0
Poland,Republic of Poland,Europe,Central Europe,37392000,312679.0,Warsaw,PLN,Polish,False,False,False,52.0,20.0
Jordan,Hashemite Kingdom of Jordan,Asia,Western Asia,11734000,89342.0,Amman,JOD,Arabic,False,False,False,31.0,36.0
